{
    "greetings": {
      "hi": "Hello! How can I assist you today?",
      "hello": "Hi there! What can I do for you?",
      "welcome": "Welcome to EcoHub! Feel free to ask about eco-friendly products or tips."
    },
    "goodbye": {
      "bye": "Goodbye! Have a great day!",
      "see you": "See you later!"
    },
    "default": "I'm sorry, I didn't understand that.",
    "queries": {
      "what is a bamboo toothbrush": "A bamboo toothbrush is an eco-friendly alternative to plastic toothbrushes. It features a biodegradable handle and helps reduce plastic waste.",
      "how do I use a stainless steel straw": "You can use a stainless steel straw for both hot and cold beverages. Just clean it with the provided brush after each use to keep it hygienic.",
      "benefits of reusable bags": "Reusable bags are durable, help reduce single-use plastic, and can hold more items compared to regular plastic bags.",
      "why choose glass storage containers": "Glass storage containers are non-toxic, reusable, and don't leach harmful chemicals into your food, making them a safer choice for food storage.",
      "advantages of organic cotton clothing": "Organic cotton clothing is grown without harmful pesticides, making it safer for the environment and your skin.",
      "how to start composting": "To start composting, you need a compost bin, and you can add kitchen scraps, yard waste, and paper products. Keep it moist and aerated for best results.",
      "importance of sustainability": "Sustainability is essential for preserving natural resources and ensuring a healthy environment for future generations.",
      "ways to reduce carbon emissions": "You can reduce carbon emissions by using public transport, biking, conserving energy, and supporting renewable energy initiatives.",
      "what is the impact of recycling": "Recycling conserves resources, reduces pollution, and saves energy, which is crucial for sustainable living.",
      "how can I be more sustainable": "You can be more sustainable by reducing waste, recycling, choosing eco-friendly products, and being mindful of your consumption.",
      "what are eco gadgets": "Eco gadgets are electronic devices designed to be energy-efficient or environmentally friendly, such as solar chargers and energy-saving appliances.",
      "benefits of composting": "Composting reduces landfill waste and creates nutrient-rich soil for gardening, promoting a healthier ecosystem.",
      "how to make zero waste": "To make a zero-waste lifestyle, focus on reducing, reusing, and recycling, and choose products with minimal packaging.",
      "what are the benefits of a zero waste lifestyle": "A zero-waste lifestyle reduces pollution, conserves resources, and can save you money by encouraging mindful consumption.",
      "how to choose sustainable products": "Look for certifications like organic, Fair Trade, and cruelty-free. Consider the product's lifecycle and environmental impact.",
      "why is plastic pollution a problem": "Plastic pollution harms wildlife, clogs waterways, and takes centuries to decompose, posing a significant threat to ecosystems.",
      "what are biodegradable products": "Biodegradable products break down naturally in the environment, reducing pollution and waste compared to traditional plastics.",
      "how to reduce food waste": "Plan meals, store food properly, and compost scraps to minimize food waste and its environmental impact.",
      "benefits of using energy efficient appliances": "Energy-efficient appliances reduce electricity consumption, save you money, and lower greenhouse gas emissions.",
      "what is sustainable fashion": "Sustainable fashion prioritizes eco-friendly materials, ethical production practices, and reducing waste in the clothing industry.",
      "ways to support local businesses": "Shop at local farmers' markets, choose local artisans, and support businesses committed to sustainable practices.",
      "what is the circular economy": "The circular economy is a model focused on reducing waste by reusing and recycling materials, keeping resources in use for as long as possible.",
      "how to host a sustainable event": "Choose eco-friendly decorations, offer reusable or compostable tableware, and promote carpooling or public transport for attendees.",
      "what are the effects of climate change": "Climate change leads to extreme weather events, rising sea levels, and habitat loss, affecting biodiversity and human livelihoods.",
      "how to start a garden": "Begin by choosing a location, selecting plants suitable for your climate, and preparing the soil with compost or organic matter.",
      "benefits of electric vehicles": "Electric vehicles produce fewer emissions than traditional cars, reduce dependence on fossil fuels, and often have lower operating costs.",
      "how to recycle properly": "Rinse containers, check local recycling guidelines, and avoid contaminating recyclables with food waste.",
      "what are natural cleaning products": "Natural cleaning products use plant-based ingredients that are safe for the environment and human health, avoiding harsh chemicals.",
      "importance of conserving water": "Conserving water helps preserve this vital resource, reduces energy consumption, and protects aquatic ecosystems.",
      "ways to use less energy": "Turn off lights when not in use, unplug electronics, and use energy-efficient bulbs to reduce energy consumption at home.",
      "what is greenwashing": "Greenwashing is when a company falsely promotes products as environmentally friendly to appeal to eco-conscious consumers.",
      "how to educate others on sustainability": "Share information on social media, host workshops, or start a blog to raise awareness about sustainable practices.",
      "what are sustainable transport options": "Sustainable transport options include biking, walking, using public transit, and driving fuel-efficient or electric vehicles.",
      "benefits of using a water filter": "Using a water filter reduces plastic waste from bottled water and provides clean, safe drinking water.",
      "how to make your home more energy efficient": "Insulate your home, seal windows and doors, and upgrade to energy-efficient appliances and lighting.",
      "what is an ecological footprint": "An ecological footprint measures the environmental impact of an individual or community, indicating how much nature is required to support them.",
      "ways to promote sustainable eating": "Choose seasonal, local, and organic foods; reduce meat consumption; and avoid processed foods to promote sustainable eating habits.",
      "how to get involved in environmental issues": "Volunteer with local organizations, participate in clean-up events, and advocate for policies that protect the environment.",
      "what are the dangers of single use plastics": "Single-use plastics contribute to pollution, harm wildlife, and take centuries to decompose, posing significant environmental risks.",
      "how to switch to a plant based diet": "Start by incorporating more fruits, vegetables, and whole grains into your meals, and gradually reduce meat and dairy consumption.",
      "benefits of solar energy": "Solar energy is renewable, reduces electricity bills, and decreases reliance on fossil fuels, contributing to a cleaner environment.",
      "what is ecotourism": "Ecotourism promotes responsible travel to natural areas, focusing on conservation and minimizing impact on local ecosystems.",
      "how to reuse items at home": "Repurpose glass jars for storage, use old t-shirts as rags, and find creative ways to extend the life of household items.",
      "what are the challenges of sustainable living": "Challenges include access to eco-friendly products, societal norms, and the need for greater awareness and education on sustainability.",
      "importance of biodiversity": "Biodiversity is crucial for ecosystem health, providing food, clean air, and water, and supporting resilience against climate change.",
      "how to create an ecofriendly workplace": "Encourage recycling, provide reusable dishware, and promote remote work or carpooling to reduce the environmental impact of commuting.",
      "what is the effect of deforestation": "Deforestation leads to habitat loss, contributes to climate change, and affects biodiversity and indigenous communities.",
      "ways to minimize plastic use": "Opt for bulk shopping, use reusable containers, and choose products with minimal packaging to reduce plastic consumption.",
      "how to incorporate sustainability into your daily routine": "Choose eco-friendly products, practice mindful consumption, and educate yourself about sustainability issues.",
      "what are the long term benefits of sustainability": "Long-term benefits include improved health, a cleaner environment, and economic savings from resource conservation.",
      "how to find reliable information on sustainability": "Look for resources from reputable organizations, government websites, and academic institutions focused on environmental issues.",
      "what are sustainable investments": "Sustainable investments focus on companies committed to environmental, social, and governance (ESG) practices, promoting responsible growth.",
      "ways to improve indoor air quality": "Ventilate your home, use natural cleaning products, and incorporate indoor plants to improve air quality indoors.",
      "how to organize a clean up event": "Gather volunteers, choose a location, provide supplies, and promote the event through social media to encourage participation.",
      "what is the difference between recyclable and biodegradable": "Recyclable materials can be processed to create new products, while biodegradable materials break down naturally in the environment.",
      "who is arko?": "arko is a super-hero who saved earth 6 times --- 😂😂.",
      "who is arko":"arko is a gamer !"
    }
  }
  